resized_filename,participant_id
001.jpg,participant_1
002.jpg,participant_1
003.jpg,participant_1
004.jpg,participant_1
005.jpg,participant_1
006.jpg,participant_1
007.jpg,participant_1
008.jpg,participant_1
009.jpg,participant_1
010.jpg,participant_1
011.jpg,participant_2
012.jpg,participant_2
013.jpg,participant_2
014.jpg,participant_2
015.jpg,participant_2
016.jpg,participant_2
017.jpg,participant_2
018.jpg,participant_2
019.jpg,participant_4
020.jpg,participant_4
021.jpg,participant_4
022.jpg,participant_4
023.jpg,participant_5
024.jpg,participant_5
025.jpg,participant_5
026.jpg,participant_5
027.jpg,participant_5
028.jpg,participant_5
029.jpg,participant_6
030.jpg,participant_6
031.jpg,participant_6
032.jpg,participant_6
033.jpg,participant_6
034.jpg,participant_6
035.jpg,participant_6
036.jpg,participant_6
037.jpg,participant_6
038.jpg,participant_6
039.jpg,participant_6
040.jpg,participant_6
041.jpg,participant_6
042.jpg,participant_6
043.jpg,participant_1
044.jpg,participant_1
045.jpg,participant_1
046.jpg,participant_1
047.jpg,participant_1
048.jpg,participant_1
049.jpg,participant_3
050.jpg,participant_3
051.jpg,participant_3
052.jpg,participant_4
053.jpg,participant_4
054.jpg,participant_4
055.jpg,participant_4
056.jpg,participant_5
057.jpg,participant_6
058.jpg,participant_6
059.jpg,participant_6
060.jpg,participant_1
061.jpg,participant_1
062.jpg,participant_1
063.jpg,participant_1
064.jpg,participant_1
065.jpg,participant_1
066.jpg,participant_3
067.jpg,participant_3
068.jpg,participant_3
069.jpg,participant_3
070.jpg,participant_3
071.jpg,participant_3
072.jpg,participant_4
073.jpg,participant_4
074.jpg,participant_4
075.jpg,participant_4
076.jpg,participant_6
077.jpg,participant_6
078.jpg,participant_6
079.jpg,participant_6
080.jpg,participant_2
081.jpg,participant_2
082.jpg,participant_2
083.jpg,participant_2
084.jpg,participant_2
085.jpg,participant_6
086.jpg,participant_6
087.jpg,participant_6
088.jpg,participant_6
089.jpg,participant_6
090.jpg,participant_6
091.jpg,participant_1
092.jpg,participant_1
093.jpg,participant_5
094.jpg,participant_3
095.jpg,participant_3
096.jpg,participant_3
097.jpg,participant_3
098.jpg,participant_3
099.jpg,participant_3
100.jpg,participant_1
101.jpg,participant_1
102.jpg,participant_1
103.jpg,participant_1
104.jpg,participant_1
105.jpg,participant_3
106.jpg,participant_3
107.jpg,participant_3
108.jpg,participant_3
109.jpg,participant_6
110.jpg,participant_6
111.jpg,participant_6
112.jpg,participant_6
113.jpg,participant_6
114.jpg,participant_1
115.jpg,participant_1
116.jpg,participant_1
117.jpg,participant_1
118.jpg,participant_1
119.jpg,participant_1
120.jpg,participant_1
121.jpg,participant_1
122.jpg,participant_1
123.jpg,participant_1
124.jpg,participant_1
125.jpg,participant_1
126.jpg,participant_1
127.jpg,participant_1
128.jpg,participant_3
129.jpg,participant_3
130.jpg,participant_3
131.jpg,participant_3
132.jpg,participant_3
133.jpg,participant_3
134.jpg,participant_3
135.jpg,participant_3
136.jpg,participant_3
137.jpg,participant_3
138.jpg,participant_3
139.jpg,participant_4
140.jpg,participant_4
141.jpg,participant_4
142.jpg,participant_4
143.jpg,participant_4
144.jpg,participant_6
145.jpg,participant_6
146.jpg,participant_6
147.jpg,participant_6
148.jpg,participant_6
149.jpg,participant_6
150.jpg,participant_6
151.jpg,participant_6
152.jpg,participant_6
153.jpg,participant_6
154.jpg,participant_6
155.jpg,participant_6
156.jpg,participant_6
157.jpg,participant_6
158.jpg,participant_6
159.jpg,participant_6
160.jpg,participant_6
161.jpg,participant_6
162.jpg,participant_6
163.jpg,participant_1
164.jpg,participant_1
165.jpg,participant_1
166.jpg,participant_1
167.jpg,participant_3
168.jpg,participant_3
169.jpg,participant_3
170.jpg,participant_3
171.jpg,participant_4
172.jpg,participant_4
173.jpg,participant_4
174.jpg,participant_4
175.jpg,participant_4
176.jpg,participant_6
177.jpg,participant_6
178.jpg,participant_6
179.jpg,participant_6
180.jpg,participant_6
181.jpg,participant_6
182.jpg,participant_6
183.jpg,participant_6
184.jpg,participant_2
185.jpg,participant_2
186.jpg,participant_2
187.jpg,participant_2
188.jpg,participant_2
189.jpg,participant_2
190.jpg,participant_2
191.jpg,participant_2
192.jpg,participant_2
193.jpg,participant_2
194.jpg,participant_2
195.jpg,participant_2
196.jpg,participant_2
197.jpg,participant_2
198.jpg,participant_2
199.jpg,participant_1
200.jpg,participant_6
