model,temperature,epsilon,n_images_repaired,f1_all,f1_nonrepaired_only,f1_repaired_only
bakllava:7b,0.0,0.5,99,0.25745682888540034,0.17985611510791366,0.31754874651810583
bakllava:7b,0.0,0.6,99,0.17896389324960754,0.12230215827338128,0.22284122562674097
bakllava:7b,0.0,0.7,99,0.09576138147566719,0.0683453237410072,0.11699164345403901
bakllava:7b,0.0,0.8,99,0.06279434850863423,0.03237410071942446,0.08635097493036212
bakllava:7b,0.0,0.9,99,0.018838304552590265,0.01079136690647482,0.025069637883008356
bakllava:7b,0.2,0.5,99,0.2831050228310502,0.25333333333333335,0.30812324929971985
bakllava:7b,0.2,0.6,99,0.18264840182648404,0.16666666666666666,0.19607843137254902
bakllava:7b,0.2,0.7,99,0.10197869101978692,0.09000000000000002,0.11204481792717087
bakllava:7b,0.2,0.8,99,0.060882800608828,0.03666666666666667,0.08123249299719888
bakllava:7b,0.2,0.9,99,0.016742770167427697,0.01,0.02240896358543417
bakllava:7b,0.4,0.5,100,0.2553191489361702,0.18661971830985913,0.3109843081312411
bakllava:7b,0.4,0.6,100,0.17494089834515367,0.1267605633802817,0.21398002853067047
bakllava:7b,0.4,0.7,100,0.11505122143420016,0.08098591549295775,0.14265335235378035
bakllava:7b,0.4,0.8,100,0.08037825059101654,0.04929577464788732,0.10556348074179744
bakllava:7b,0.4,0.9,100,0.025216706067769896,0.0176056338028169,0.03138373751783167
bakllava:7b,0.6,0.5,94,0.24425059476605873,0.15465729349736376,0.3179190751445086
bakllava:7b,0.6,0.6,94,0.1681205392545599,0.0984182776801406,0.2254335260115607
bakllava:7b,0.6,0.7,94,0.11578112609040445,0.03866432337434094,0.1791907514450867
bakllava:7b,0.6,0.8,94,0.08406026962727994,0.028119507908611598,0.13005780346820808
bakllava:7b,0.6,0.9,94,0.022204599524187154,0.01054481546572935,0.03179190751445086
bakllava:7b,0.8,0.5,86,0.25735912531539107,0.21428571428571427,0.3036649214659686
bakllava:7b,0.8,0.6,86,0.1665264928511354,0.1396103896103896,0.1954624781849913
bakllava:7b,0.8,0.7,86,0.10933557611438184,0.07792207792207792,0.1431064572425829
bakllava:7b,0.8,0.8,86,0.08074011774600504,0.05194805194805195,0.11169284467713786
bakllava:7b,0.8,0.9,86,0.02691337258200168,0.025974025974025976,0.027923211169284465
bakllava:7b,1.0,0.5,90,0.22601626016260162,0.1433447098976109,0.30124223602484473
bakllava:7b,1.0,0.6,90,0.15447154471544716,0.09556313993174062,0.20807453416149066
bakllava:7b,1.0,0.7,90,0.1024390243902439,0.0546075085324232,0.14596273291925466
bakllava:7b,1.0,0.8,90,0.0845528455284553,0.04436860068259386,0.12111801242236023
bakllava:7b,1.0,0.9,90,0.021138211382113824,0.00341296928327645,0.037267080745341616
granite3.2-vision:2b,0.0,0.5,116,0.2648784576697402,0.2533589251439539,0.27380952380952384
granite3.2-vision:2b,0.0,0.6,116,0.18776194467728416,0.1804222648752399,0.19345238095238096
granite3.2-vision:2b,0.0,0.7,116,0.11567476948868399,0.12284069097888675,0.11011904761904763
granite3.2-vision:2b,0.0,0.8,116,0.07208717518860017,0.07677543186180423,0.06845238095238096
granite3.2-vision:2b,0.0,0.9,116,0.03352891869237217,0.02687140115163148,0.03869047619047619
granite3.2-vision:2b,0.2,0.5,116,0.271604938271605,0.27087198515769945,0.27218934911242604
granite3.2-vision:2b,0.2,0.6,116,0.18106995884773663,0.18923933209647495,0.17455621301775145
granite3.2-vision:2b,0.2,0.7,116,0.10534979423868313,0.11131725417439703,0.10059171597633135
granite3.2-vision:2b,0.2,0.8,116,0.07242798353909465,0.06679035250463822,0.07692307692307691
granite3.2-vision:2b,0.2,0.9,116,0.02962962962962963,0.03339517625231911,0.02662721893491124
granite3.2-vision:2b,0.4,0.5,116,0.24857839155158407,0.2397003745318352,0.25538020086083213
granite3.2-vision:2b,0.4,0.6,116,0.1397238017871649,0.16104868913857678,0.12338593974175036
granite3.2-vision:2b,0.4,0.7,116,0.06661251015434606,0.07865168539325844,0.057388809182209476
granite3.2-vision:2b,0.4,0.8,116,0.03249390739236393,0.0299625468164794,0.03443328550932568
granite3.2-vision:2b,0.4,0.9,116,0.012997562956945574,0.0149812734082397,0.011477761836441893
granite3.2-vision:2b,0.6,0.5,116,0.24143556280587275,0.22509225092250923,0.25438596491228066
granite3.2-vision:2b,0.6,0.6,116,0.17781402936378465,0.16974169741697417,0.18421052631578946
granite3.2-vision:2b,0.6,0.7,116,0.0929853181076672,0.08856088560885608,0.09649122807017543
granite3.2-vision:2b,0.6,0.8,116,0.06688417618270799,0.06273062730627307,0.07017543859649122
granite3.2-vision:2b,0.6,0.9,116,0.03425774877650897,0.029520295202952032,0.038011695906432746
granite3.2-vision:2b,0.8,0.5,116,0.19055649241146713,0.1966604823747681,0.18547140649149924
granite3.2-vision:2b,0.8,0.6,116,0.12478920741989881,0.1261595547309833,0.12364760432766615
granite3.2-vision:2b,0.8,0.7,116,0.06745362563237775,0.07421150278293137,0.061823802163833076
granite3.2-vision:2b,0.8,0.8,116,0.03541315345699831,0.03339517625231911,0.03709428129829984
granite3.2-vision:2b,0.8,0.9,116,0.016863406408094438,0.011131725417439703,0.02163833075734158
granite3.2-vision:2b,1.0,0.5,116,0.18271604938271607,0.1925925925925926,0.1748148148148148
granite3.2-vision:2b,1.0,0.6,116,0.12016460905349795,0.13703703703703704,0.10666666666666667
granite3.2-vision:2b,1.0,0.7,116,0.07407407407407407,0.07407407407407408,0.07407407407407408
granite3.2-vision:2b,1.0,0.8,116,0.0411522633744856,0.04444444444444444,0.038518518518518514
granite3.2-vision:2b,1.0,0.9,116,0.01646090534979424,0.02222222222222222,0.011851851851851851
llama3.2-vision:11b,0.0,0.5,117,0.6018269747447609,0.6301369863013698,0.5803402646502835
llama3.2-vision:11b,0.0,0.6,117,0.4567436861902203,0.4782067247820672,0.4404536862003781
llama3.2-vision:11b,0.0,0.7,117,0.3524986566362171,0.36861768368617687,0.3402646502835539
llama3.2-vision:11b,0.0,0.8,117,0.27082213863514243,0.2689912826899128,0.2722117202268431
llama3.2-vision:11b,0.0,0.9,117,0.09242342826437398,0.09215442092154422,0.09262759924385634
llama3.2-vision:11b,0.2,0.5,116,0.5756929637526652,0.5823665893271461,0.5700197238658777
llama3.2-vision:11b,0.2,0.6,116,0.4456289978678038,0.46403712296983757,0.42998027613412226
llama3.2-vision:11b,0.2,0.7,116,0.3262260127931769,0.3364269141531322,0.31755424063116366
llama3.2-vision:11b,0.2,0.8,116,0.24413646055437097,0.23897911832946636,0.2485207100591716
llama3.2-vision:11b,0.2,0.9,116,0.08208955223880597,0.08584686774941996,0.07889546351084813
llama3.2-vision:11b,0.4,0.5,107,0.5923820352472995,0.6008676789587852,0.5830346475507767
llama3.2-vision:11b,0.4,0.6,107,0.4479818078453667,0.44902386117136656,0.4468339307048984
llama3.2-vision:11b,0.4,0.7,107,0.3297328027288232,0.3405639913232104,0.3178016726403823
llama3.2-vision:11b,0.4,0.8,107,0.236498010233087,0.2364425162689805,0.23655913978494625
llama3.2-vision:11b,0.4,0.9,107,0.09550881182490051,0.10195227765726682,0.0884109916367981
llama3.2-vision:11b,0.6,0.5,101,0.5816917728852841,0.5896860986547084,0.5731414868105515
llama3.2-vision:11b,0.6,0.6,101,0.43337195828505215,0.43497757847533636,0.4316546762589928
llama3.2-vision:11b,0.6,0.7,101,0.3047508690614137,0.3071748878923766,0.3021582733812949
llama3.2-vision:11b,0.6,0.8,101,0.22363847045191193,0.21524663677130043,0.23261390887290165
llama3.2-vision:11b,0.6,0.9,101,0.08342989571263035,0.08520179372197309,0.0815347721822542
llama3.2-vision:11b,0.8,0.5,58,0.543108504398827,0.5630593978844589,0.49159663865546216
llama3.2-vision:11b,0.8,0.6,58,0.40586510263929615,0.42148087876322216,0.36554621848739494
llama3.2-vision:11b,0.8,0.7,58,0.2967741935483871,0.30756712774613504,0.2689075630252101
llama3.2-vision:11b,0.8,0.8,58,0.20762463343108503,0.20667209113100082,0.21008403361344538
llama3.2-vision:11b,0.8,0.9,58,0.08680351906158358,0.07973962571196094,0.10504201680672269
llama3.2-vision:11b,1.0,0.5,44,0.5193567599761763,0.5313207547169811,0.4745762711864407
llama3.2-vision:11b,1.0,0.6,44,0.3930911256700417,0.39849056603773586,0.3728813559322034
llama3.2-vision:11b,1.0,0.7,44,0.25848719475878495,0.2641509433962264,0.23728813559322035
llama3.2-vision:11b,1.0,0.8,44,0.17272185824895772,0.17811320754716983,0.15254237288135591
llama3.2-vision:11b,1.0,0.9,44,0.07147111375818939,0.0709433962264151,0.07344632768361582
llava-llama3:8b,0.0,0.5,116,0.35135135135135137,0.35457063711911363,0.3487858719646799
llava-llama3:8b,0.0,0.6,116,0.2727272727272727,0.2770083102493075,0.2693156732891832
llava-llama3:8b,0.0,0.7,116,0.17813267813267813,0.1800554016620499,0.17660044150110374
llava-llama3:8b,0.0,0.8,116,0.10442260442260443,0.08310249307479224,0.12141280353200883
llava-llama3:8b,0.0,0.9,116,0.03931203931203931,0.03878116343490305,0.039735099337748346
llava-llama3:8b,0.2,0.5,116,0.33556231003039516,0.32647462277091904,0.3427947598253275
llava-llama3:8b,0.2,0.6,116,0.22613981762917934,0.22770919067215364,0.22489082969432314
llava-llama3:8b,0.2,0.7,116,0.1458966565349544,0.13991769547325103,0.15065502183406113
llava-llama3:8b,0.2,0.8,116,0.08632218844984803,0.07133058984910835,0.09825327510917033
llava-llama3:8b,0.2,0.9,116,0.03161094224924012,0.02469135802469136,0.037117903930131
llava-llama3:8b,0.4,0.5,116,0.35215543412264727,0.3487738419618529,0.3548740416210296
llava-llama3:8b,0.4,0.6,116,0.24650880388585306,0.24795640326975477,0.2453450164293538
llava-llama3:8b,0.4,0.7,116,0.1687917425622344,0.17166212534059946,0.1664841182913472
llava-llama3:8b,0.4,0.8,116,0.08743169398907104,0.0653950953678474,0.10514786418400877
llava-llama3:8b,0.4,0.9,116,0.03764420157862781,0.02997275204359673,0.04381161007667032
llava-llama3:8b,0.6,0.5,116,0.32786885245901637,0.3114754098360656,0.34098360655737703
llava-llama3:8b,0.6,0.6,116,0.2161505768063145,0.21584699453551914,0.2163934426229508
llava-llama3:8b,0.6,0.7,116,0.13721918639951428,0.13114754098360654,0.14207650273224043
llava-llama3:8b,0.6,0.8,116,0.07528840315725562,0.060109289617486336,0.08743169398907104
llava-llama3:8b,0.6,0.9,116,0.035215543412264724,0.030054644808743168,0.039344262295081964
llava-llama3:8b,0.8,0.5,116,0.31585365853658537,0.30095759233926134,0.32783278327832777
llava-llama3:8b,0.8,0.6,116,0.22195121951219515,0.22435020519835838,0.22002200220022003
llava-llama3:8b,0.8,0.7,116,0.15487804878048778,0.16142270861833105,0.1496149614961496
llava-llama3:8b,0.8,0.8,116,0.08292682926829269,0.07113543091655265,0.0924092409240924
llava-llama3:8b,0.8,0.9,116,0.03536585365853658,0.03283173734610123,0.0374037403740374
llava-llama3:8b,1.0,0.5,116,0.29899941141848146,0.28646517739816035,0.30916844349680167
llava-llama3:8b,1.0,0.6,116,0.20600353148911124,0.2076215505913272,0.20469083155650317
llava-llama3:8b,1.0,0.7,116,0.14243672748675693,0.13929040735873852,0.14498933901918976
llava-llama3:8b,1.0,0.8,116,0.07180694526191879,0.0709592641261498,0.07249466950959488
llava-llama3:8b,1.0,0.9,116,0.028251912889935258,0.026281208935611037,0.029850746268656716
llava-phi3:3.8b,0.0,0.5,8,0.4173687621516526,0.41778975741239893,0.4067796610169491
llava-phi3:3.8b,0.0,0.6,8,0.2073882047958522,0.20619946091644206,0.23728813559322035
llava-phi3:3.8b,0.0,0.7,8,0.1373946856772521,0.1334231805929919,0.23728813559322035
llava-phi3:3.8b,0.0,0.8,8,0.1036941023979261,0.09973045822102426,0.20338983050847456
llava-phi3:3.8b,0.0,0.9,8,0.03629293583927414,0.03504043126684636,0.06779661016949154
llava-phi3:3.8b,0.2,0.5,11,0.403090792015454,0.40569877883310723,0.3544303797468354
llava-phi3:3.8b,0.2,0.6,11,0.20734063103670317,0.2103120759837178,0.1518987341772152
llava-phi3:3.8b,0.2,0.7,11,0.1365099806825499,0.1383989145183175,0.10126582278481013
llava-phi3:3.8b,0.2,0.8,11,0.10173857050869285,0.10312075983717775,0.0759493670886076
llava-phi3:3.8b,0.2,0.9,11,0.0360592401802962,0.035278154681139755,0.05063291139240506
llava-phi3:3.8b,0.4,0.5,11,0.36704621567314133,0.3679312813171081,0.3541666666666667
llava-phi3:3.8b,0.4,0.6,11,0.19156061620897522,0.18897637795275588,0.22916666666666666
llava-phi3:3.8b,0.4,0.7,11,0.11922304085733422,0.11882605583392986,0.125
llava-phi3:3.8b,0.4,0.8,11,0.09243134628265239,0.09162491052254833,0.10416666666666666
llava-phi3:3.8b,0.4,0.9,11,0.02813127930341594,0.025769506084466716,0.0625
llava-phi3:3.8b,0.6,0.5,19,0.351663272233537,0.35106382978723405,0.356687898089172
llava-phi3:3.8b,0.6,0.6,19,0.16429056347589951,0.16413373860182373,0.16560509554140126
llava-phi3:3.8b,0.6,0.7,19,0.10183299389002039,0.10030395136778116,0.11464968152866241
llava-phi3:3.8b,0.6,0.8,19,0.07875084860828242,0.07750759878419453,0.089171974522293
llava-phi3:3.8b,0.6,0.9,19,0.03122878479293958,0.03343465045592705,0.012738853503184714
llava-phi3:3.8b,0.8,0.5,25,0.3080906148867314,0.3035311795642374,0.33644859813084116
llava-phi3:3.8b,0.8,0.6,25,0.172168284789644,0.16378662659654397,0.22429906542056074
llava-phi3:3.8b,0.8,0.7,25,0.10744336569579288,0.10067618332081144,0.14953271028037382
llava-phi3:3.8b,0.8,0.8,25,0.05695792880258899,0.051089406461307295,0.09345794392523364
llava-phi3:3.8b,0.8,0.9,25,0.022006472491909384,0.018031555221637866,0.04672897196261682
llava-phi3:3.8b,1.0,0.5,28,0.2678100263852243,0.25949367088607594,0.30952380952380953
llava-phi3:3.8b,1.0,0.6,28,0.158311345646438,0.1439873417721519,0.23015873015873015
llava-phi3:3.8b,1.0,0.7,28,0.09102902374670185,0.08069620253164557,0.14285714285714285
llava-phi3:3.8b,1.0,0.8,28,0.05804749340369393,0.05379746835443038,0.07936507936507936
llava-phi3:3.8b,1.0,0.9,28,0.018469656992084433,0.014240506329113925,0.03968253968253968
llava:13b,0.0,0.5,116,0.41783750763591937,0.49346879535558785,0.3628691983122363
llava:13b,0.0,0.6,116,0.27489309712889437,0.31640058055152404,0.24472573839662445
llava:13b,0.0,0.7,116,0.18204031765424558,0.21770682148040638,0.1561181434599156
llava:13b,0.0,0.8,116,0.11728772144166158,0.1335268505079826,0.10548523206751055
llava:13b,0.0,0.9,116,0.0562003665241295,0.06966618287373004,0.046413502109704644
llava:13b,0.2,0.5,116,0.42435424354243545,0.4672619047619047,0.39412997903563946
llava:13b,0.2,0.6,116,0.2607626076260763,0.2976190476190476,0.23480083857442346
llava:13b,0.2,0.7,116,0.16605166051660517,0.19940476190476195,0.14255765199161427
llava:13b,0.2,0.8,116,0.11316113161131611,0.13392857142857142,0.09853249475890986
llava:13b,0.2,0.9,116,0.05043050430504305,0.07142857142857141,0.03563941299790357
llava:13b,0.4,0.5,116,0.38461538461538464,0.406576980568012,0.36903499469777307
llava:13b,0.4,0.6,116,0.2369727047146402,0.25112107623318386,0.22693531283138918
llava:13b,0.4,0.7,116,0.15260545905707196,0.16143497757847536,0.14634146341463414
llava:13b,0.4,0.8,116,0.10297766749379654,0.10463378176382661,0.10180275715800635
llava:13b,0.4,0.9,116,0.05210918114143921,0.05680119581464873,0.04878048780487805
llava:13b,0.6,0.5,116,0.3570993296770261,0.38138138138138145,0.3405128205128205
llava:13b,0.6,0.6,116,0.23156611822059722,0.23723723723723725,0.22769230769230767
llava:13b,0.6,0.7,116,0.13772090188909203,0.14414414414414414,0.13333333333333333
llava:13b,0.6,0.8,116,0.07800121876904327,0.07807807807807808,0.07794871794871794
llava:13b,0.6,0.9,116,0.03412553321145642,0.03903903903903904,0.030769230769230767
llava:13b,0.8,0.5,116,0.3412844036697248,0.36336779911373707,0.325678496868476
llava:13b,0.8,0.6,116,0.20428134556574923,0.20974889217134415,0.20041753653444677
llava:13b,0.8,0.7,116,0.12844036697247707,0.1358936484490399,0.1231732776617954
llava:13b,0.8,0.8,116,0.0709480122324159,0.06794682422451995,0.07306889352818371
llava:13b,0.8,0.9,116,0.029357798165137613,0.0413589364844904,0.020876826722338204
llava:13b,1.0,0.5,116,0.33147804576376005,0.36959761549925485,0.30443974630021137
llava:13b,1.0,0.6,116,0.21768707482993196,0.2384500745156483,0.2029598308668076
llava:13b,1.0,0.7,116,0.11255411255411256,0.11922503725782416,0.10782241014799154
llava:13b,1.0,0.8,116,0.06307977736549165,0.05961251862891208,0.06553911205073996
llava:13b,1.0,0.9,116,0.02844774273345702,0.02980625931445604,0.02748414376321353
llava:7b,0.0,0.5,9,0.39758308157099703,0.39826839826839827,0.3684210526315789
llava:7b,0.0,0.6,9,0.20060422960725077,0.19913419913419914,0.2631578947368421
llava:7b,0.0,0.7,9,0.11963746223564956,0.11997526283240569,0.10526315789473684
llava:7b,0.0,0.8,9,0.08942598187311177,0.09029066171923314,0.05263157894736842
llava:7b,0.0,0.9,9,0.038670694864048345,0.0383426097711812,0.05263157894736842
llava:7b,0.2,0.5,10,0.3990355635925256,0.39876543209876547,0.41025641025641024
llava:7b,0.2,0.6,10,0.2218203737191079,0.22345679012345682,0.15384615384615385
llava:7b,0.2,0.7,10,0.13863773357444245,0.14074074074074078,0.05128205128205128
llava:7b,0.2,0.8,10,0.0867992766726944,0.08765432098765433,0.05128205128205128
llava:7b,0.2,0.9,10,0.03857745629897528,0.03950617283950617,0.0
llava:7b,0.4,0.5,11,0.38369304556354916,0.3859432799013563,0.30434782608695654
llava:7b,0.4,0.6,11,0.23021582733812948,0.2318125770653514,0.17391304347826086
llava:7b,0.4,0.7,11,0.1390887290167866,0.13933415536374846,0.13043478260869565
llava:7b,0.4,0.8,11,0.08992805755395683,0.09001233045622689,0.08695652173913043
llava:7b,0.4,0.9,11,0.0407673860911271,0.03945745992601726,0.08695652173913043
llava:7b,0.6,0.5,13,0.3429242513211979,0.34580012262415694,0.27777777777777773
llava:7b,0.6,0.6,13,0.19495008807985906,0.19497240956468423,0.19444444444444445
llava:7b,0.6,0.7,13,0.10569583088667057,0.1066830165542612,0.08333333333333334
llava:7b,0.6,0.8,13,0.05637110980622431,0.05518087063151441,0.08333333333333334
llava:7b,0.6,0.9,13,0.025836758661186142,0.02575107296137339,0.027777777777777776
llava:7b,0.8,0.5,18,0.29568302779420463,0.29161290322580646,0.34042553191489355
llava:7b,0.8,0.6,18,0.16676522767593138,0.16903225806451613,0.14184397163120568
llava:7b,0.8,0.7,18,0.10053222945002957,0.10064516129032258,0.09929078014184398
llava:7b,0.8,0.8,18,0.05677114133648728,0.058064516129032254,0.042553191489361694
llava:7b,0.8,0.9,18,0.02956830277942046,0.03096774193548387,0.014184397163120569
llava:7b,1.0,0.5,24,0.27492625368731566,0.27325959661678595,0.29113924050632917
llava:7b,1.0,0.6,24,0.1687315634218289,0.17046193884189983,0.15189873417721517
llava:7b,1.0,0.7,24,0.08849557522123895,0.08978529603122966,0.07594936708860758
llava:7b,1.0,0.8,24,0.04129793510324484,0.04033832140533507,0.05063291139240506
llava:7b,1.0,0.9,24,0.012979351032448377,0.014313597918022121,0.0
minicpm-v:8b,0.2,0.5,1,0.5574999999999999,0.5584905660377357,0.4000000000000001
minicpm-v:8b,0.2,0.6,1,0.38249999999999995,0.38238993710691827,0.4000000000000001
minicpm-v:8b,0.2,0.7,1,0.2325,0.23144654088050315,0.4000000000000001
minicpm-v:8b,0.2,0.8,1,0.1525,0.15220125786163521,0.20000000000000004
minicpm-v:8b,0.2,0.9,1,0.08875000000000001,0.08805031446540881,0.20000000000000004
minicpm-v:8b,0.4,0.5,3,0.5359801488833748,0.5365853658536586,0.4615384615384615
minicpm-v:8b,0.4,0.6,3,0.37096774193548393,0.3714821763602252,0.30769230769230765
minicpm-v:8b,0.4,0.7,3,0.23076923076923075,0.2313946216385241,0.15384615384615383
minicpm-v:8b,0.4,0.8,3,0.14764267990074442,0.14884302689180737,0.0
minicpm-v:8b,0.4,0.9,3,0.0781637717121588,0.07879924953095684,0.0
minicpm-v:8b,0.6,0.5,5,0.5101413644744929,0.5108225108225107,0.4000000000000001
minicpm-v:8b,0.6,0.6,5,0.35771358328211433,0.357452071737786,0.4000000000000001
minicpm-v:8b,0.6,0.7,5,0.22372464658881377,0.22263450834879406,0.4000000000000001
minicpm-v:8b,0.6,0.8,5,0.14013521819299327,0.13976499690785404,0.20000000000000004
minicpm-v:8b,0.6,0.9,5,0.07006760909649663,0.06926406926406926,0.20000000000000004
minicpm-v:8b,0.8,0.5,10,0.4722564734895191,0.47295597484276725,0.43750000000000006
minicpm-v:8b,0.8,0.6,10,0.34895191122071517,0.35094339622641507,0.25
minicpm-v:8b,0.8,0.7,10,0.20715166461159062,0.20880503144654086,0.125
minicpm-v:8b,0.8,0.8,10,0.1159062885326757,0.11698113207547169,0.0625
minicpm-v:8b,0.8,0.9,10,0.05425400739827374,0.05408805031446541,0.0625
minicpm-v:8b,1.0,0.5,18,0.4623052959501558,0.4580559254327563,0.5242718446601942
minicpm-v:8b,1.0,0.6,18,0.3177570093457944,0.3115845539280958,0.4077669902912621
minicpm-v:8b,1.0,0.7,18,0.17943925233644858,0.17310252996005326,0.2718446601941748
minicpm-v:8b,1.0,0.8,18,0.1071651090342679,0.09986684420772304,0.21359223300970873
minicpm-v:8b,1.0,0.9,18,0.06105919003115264,0.055925432756324896,0.1359223300970874
ministral-3:14b,0.2,0.5,1,0.4178154825026511,0.41706666666666664,0.5454545454545454
ministral-3:14b,0.2,0.6,1,0.256627783669141,0.256,0.3636363636363636
ministral-3:14b,0.2,0.7,1,0.11983032873806998,0.11839999999999999,0.3636363636363636
ministral-3:14b,0.2,0.8,1,0.05090137857900318,0.0512,0.0
ministral-3:14b,0.2,0.9,1,0.012725344644750796,0.0128,0.0
ministral-3:3b,0.4,0.5,2,0.4229934924078091,0.42214912280701755,0.5
ministral-3:3b,0.4,0.6,2,0.2754880694143167,0.2741228070175439,0.4000000000000001
ministral-3:3b,0.4,0.7,2,0.13232104121475055,0.13157894736842105,0.20000000000000004
ministral-3:3b,0.4,0.8,2,0.049891540130151846,0.05043859649122807,0.0
ministral-3:3b,0.4,0.9,2,0.022776572668112796,0.02302631578947368,0.0
ministral-3:3b,0.6,0.5,3,0.38685344827586204,0.3873431533006001,0.34782608695652173
ministral-3:3b,0.6,0.6,3,0.26400862068965514,0.2629569012547736,0.34782608695652173
ministral-3:3b,0.6,0.7,3,0.13900862068965517,0.13747954173486088,0.2608695652173913
ministral-3:3b,0.6,0.8,3,0.05280172413793103,0.05237315875613748,0.08695652173913043
ministral-3:3b,0.6,0.9,3,0.021551724137931032,0.02182214948172395,0.0
ministral-3:3b,0.8,0.5,10,0.38685344827586204,0.3893604980192416,0.33707865168539325
ministral-3:3b,0.8,0.6,10,0.23168103448275862,0.2320316921335597,0.2247191011235955
ministral-3:3b,0.8,0.7,10,0.11314655172413794,0.11205432937181665,0.1348314606741573
ministral-3:3b,0.8,0.8,10,0.034482758620689655,0.03508771929824562,0.022471910112359546
ministral-3:3b,0.8,0.9,10,0.016163793103448273,0.016977928692699488,0.0
ministral-3:3b,1.0,0.5,17,0.3593329747175901,0.35589264877479587,0.39999999999999997
ministral-3:3b,1.0,0.6,17,0.21409359870898334,0.21120186697782964,0.2482758620689655
ministral-3:3b,1.0,0.7,17,0.09682625067240452,0.09684947491248541,0.09655172413793105
ministral-3:3b,1.0,0.8,17,0.031199569661108116,0.032672112018669784,0.013793103448275862
ministral-3:3b,1.0,0.9,17,0.010758472296933835,0.011668611435239206,0.0
ministral-3:8b,0.4,0.5,1,0.47483588621444195,0.47466960352422904,0.5
ministral-3:8b,0.4,0.6,1,0.29868708971553615,0.29845814977973567,0.3333333333333333
ministral-3:8b,0.4,0.7,1,0.149890590809628,0.14977973568281938,0.16666666666666666
ministral-3:8b,0.4,0.8,1,0.05908096280087527,0.05837004405286344,0.16666666666666666
ministral-3:8b,0.4,0.9,1,0.026258205689277902,0.02643171806167401,0.0
ministral-3:8b,0.6,0.5,1,0.42644628099173554,0.4263565891472868,0.4444444444444445
ministral-3:8b,0.6,0.6,1,0.2600550964187328,0.2602436323366556,0.22222222222222224
ministral-3:8b,0.6,0.7,1,0.12341597796143251,0.124031007751938,0.0
ministral-3:8b,0.6,0.8,1,0.04958677685950414,0.04983388704318937,0.0
ministral-3:8b,0.6,0.9,1,0.02203856749311295,0.0221483942414175,0.0
ministral-3:8b,0.8,0.5,1,0.4241435562805873,0.424507658643326,0.3636363636363636
ministral-3:8b,0.8,0.6,1,0.2425231103860794,0.24179431072210067,0.3636363636363636
ministral-3:8b,0.8,0.7,1,0.11419249592169659,0.1137855579868709,0.1818181818181818
ministral-3:8b,0.8,0.8,1,0.042414355628058724,0.04157549234135668,0.1818181818181818
ministral-3:8b,0.8,0.9,1,0.01848830886351278,0.017505470459518602,0.1818181818181818
ministral-3:8b,1.0,0.5,4,0.39498090561920346,0.3943977591036415,0.41666666666666663
ministral-3:8b,1.0,0.6,4,0.23349699945444627,0.23193277310924368,0.2916666666666667
ministral-3:8b,1.0,0.7,4,0.11129296235679215,0.10868347338935574,0.20833333333333331
ministral-3:8b,1.0,0.8,4,0.0392798690671031,0.03921568627450981,0.04166666666666667
ministral-3:8b,1.0,0.9,4,0.016366612111292964,0.01568627450980392,0.04166666666666667
moondream:1.8b,0.0,0.5,116,0.3236994219653179,0.3317535545023697,0.31691078561917446
moondream:1.8b,0.0,0.6,116,0.2138728323699422,0.24328593996840445,0.18908122503328895
moondream:1.8b,0.0,0.7,116,0.13728323699421965,0.14218009478672985,0.13315579227696406
moondream:1.8b,0.0,0.8,116,0.08815028901734102,0.08530805687203791,0.09054593874833554
moondream:1.8b,0.0,0.9,116,0.03901734104046243,0.0410742496050553,0.037283621837549935
moondream:1.8b,0.2,0.5,116,0.33121019108280253,0.2910798122065728,0.3643410852713178
moondream:1.8b,0.2,0.6,116,0.21089879688605803,0.2097026604068858,0.2118863049095607
moondream:1.8b,0.2,0.7,116,0.12880396319886767,0.11267605633802816,0.1421188630490956
moondream:1.8b,0.2,0.8,116,0.09624911535739561,0.06885758998435054,0.11886304909560723
moondream:1.8b,0.2,0.9,116,0.03963198867657466,0.025039123630672927,0.0516795865633075
moondream:1.8b,0.4,0.5,116,0.32472826086956513,0.30340557275541796,0.3414043583535109
moondream:1.8b,0.4,0.6,116,0.21603260869565216,0.20743034055727555,0.22276029055690075
moondream:1.8b,0.4,0.7,116,0.13994565217391303,0.12693498452012383,0.15012106537530268
moondream:1.8b,0.4,0.8,116,0.10054347826086957,0.0804953560371517,0.1162227602905569
moondream:1.8b,0.4,0.9,116,0.03804347826086957,0.02786377708978328,0.046004842615012115
moondream:1.8b,0.6,0.5,116,0.3235294117647059,0.3157894736842105,0.3297232250300842
moondream:1.8b,0.6,0.6,116,0.21657754010695188,0.21954887218045113,0.21419975932611315
moondream:1.8b,0.6,0.7,116,0.13502673796791445,0.13834586466165413,0.13237063778580024
moondream:1.8b,0.6,0.8,116,0.09224598930481284,0.09022556390977444,0.09386281588447654
moondream:1.8b,0.6,0.9,116,0.04144385026737968,0.042105263157894736,0.04091456077015644
moondream:1.8b,0.8,0.5,116,0.34706279540850776,0.35964912280701755,0.3362609786700126
moondream:1.8b,0.8,0.6,116,0.2309250506414585,0.2368421052631579,0.22584692597239647
moondream:1.8b,0.8,0.7,116,0.14314652261985142,0.13157894736842105,0.15307402760351316
moondream:1.8b,0.8,0.8,116,0.1026333558406482,0.07309941520467836,0.12797992471769135
moondream:1.8b,0.8,0.9,116,0.04321404456448345,0.026315789473684213,0.05771643663739021
moondream:1.8b,1.0,0.5,116,0.3011734028683181,0.28571428571428575,0.3141486810551559
moondream:1.8b,1.0,0.6,116,0.19947848761408085,0.18285714285714286,0.21342925659472423
moondream:1.8b,1.0,0.7,116,0.1290743155149935,0.11714285714285713,0.13908872901678657
moondream:1.8b,1.0,0.8,116,0.09647979139504563,0.08571428571428572,0.10551558752997603
moondream:1.8b,1.0,0.9,116,0.027379400260756193,0.020000000000000004,0.03357314148681055
qwen2.5vl:3b,0.0,0.5,8,0.5291201982651796,0.5534173855341739,0.1869158878504673
qwen2.5vl:3b,0.0,0.6,8,0.42998760842627015,0.44857332448573317,0.16822429906542055
qwen2.5vl:3b,0.0,0.7,8,0.3097893432465923,0.3238221632382217,0.11214953271028037
qwen2.5vl:3b,0.0,0.8,8,0.22428748451053282,0.23357664233576644,0.09345794392523366
qwen2.5vl:3b,0.0,0.9,8,0.10656753407682774,0.11280690112806901,0.018691588785046728
qwen2.5vl:3b,0.2,0.5,6,0.5283259070655633,0.5337704918032786,0.34782608695652173
qwen2.5vl:3b,0.2,0.6,6,0.41247612985359644,0.41704918032786886,0.2608695652173913
qwen2.5vl:3b,0.2,0.7,6,0.3017186505410566,0.3029508196721311,0.2608695652173913
qwen2.5vl:3b,0.2,0.8,6,0.2087842138765118,0.2098360655737705,0.17391304347826086
qwen2.5vl:3b,0.2,0.9,6,0.11075747931253979,0.1101639344262295,0.13043478260869565
qwen2.5vl:3b,0.4,0.5,4,0.5018820577164367,0.5022421524663677,0.48484848484848486
qwen2.5vl:3b,0.4,0.6,4,0.4002509410288582,0.40358744394618834,0.24242424242424243
qwen2.5vl:3b,0.4,0.7,4,0.27603513174404015,0.28058936579115956,0.06060606060606061
qwen2.5vl:3b,0.4,0.8,4,0.19071518193224593,0.1934657270980141,0.06060606060606061
qwen2.5vl:3b,0.4,0.9,4,0.10163111668757843,0.10249839846252402,0.06060606060606061
qwen2.5vl:3b,0.6,0.5,4,0.49025769956002513,0.5,0.0
qwen2.5vl:3b,0.6,0.6,4,0.3796354494028913,0.38717948717948714,0.0
qwen2.5vl:3b,0.6,0.7,4,0.2853551225644249,0.291025641025641,0.0
qwen2.5vl:3b,0.6,0.8,4,0.20490257699560027,0.20897435897435895,0.0
qwen2.5vl:3b,0.6,0.9,4,0.10685103708359524,0.10897435897435898,0.0
qwen2.5vl:3b,0.8,0.5,1,0.45668316831683164,0.45522388059701496,0.7499999999999999
qwen2.5vl:3b,0.8,0.6,1,0.3465346534653465,0.34577114427860695,0.5
qwen2.5vl:3b,0.8,0.7,1,0.2376237623762376,0.236318407960199,0.5
qwen2.5vl:3b,0.8,0.8,1,0.15841584158415842,0.1567164179104478,0.5
qwen2.5vl:3b,0.8,0.9,1,0.08292079207920793,0.08208955223880599,0.25
qwen2.5vl:7b,0.2,0.5,1,0.6702833031946956,0.6703030303030303,0.6666666666666665
qwen2.5vl:7b,0.2,0.6,1,0.5593731163351416,0.5599999999999999,0.4444444444444445
qwen2.5vl:7b,0.2,0.7,1,0.41832429174201324,0.4193939393939394,0.22222222222222224
qwen2.5vl:7b,0.2,0.8,1,0.3122362869198312,0.31272727272727274,0.22222222222222224
qwen2.5vl:7b,0.2,0.9,1,0.14948764315852925,0.15030303030303033,0.0
qwen3-vl:2b,0.0,0.5,187,0.09601081812035159,0.5617977528089888,0.06618705035971223
qwen3-vl:2b,0.0,0.6,187,0.08113590263691683,0.3595505617977528,0.06330935251798561
qwen3-vl:2b,0.0,0.7,187,0.054090601757944556,0.24719101123595505,0.04172661870503597
qwen3-vl:2b,0.0,0.8,187,0.043272481406355645,0.11235955056179774,0.03884892086330936
qwen3-vl:2b,0.0,0.9,187,0.021636240703177823,0.0898876404494382,0.017266187050359712
qwen3-vl:2b,0.2,0.5,183,0.1078894133513149,0.4736842105263158,0.07742878013148283
qwen3-vl:2b,0.2,0.6,183,0.0849629130141605,0.3157894736842105,0.06574141709276844
qwen3-vl:2b,0.2,0.7,183,0.0633850303438975,0.2631578947368421,0.046749452154857554
qwen3-vl:2b,0.2,0.8,183,0.057990559676331765,0.2456140350877193,0.042366691015339665
qwen3-vl:2b,0.2,0.9,183,0.028320971004720162,0.12280701754385966,0.02045288531775018
qwen3-vl:2b,0.4,0.5,146,0.20224719101123598,0.5560975609756097,0.07071622846781506
qwen3-vl:2b,0.4,0.6,146,0.16259087904824854,0.43414634146341463,0.061650045330915684
qwen3-vl:2b,0.4,0.7,146,0.11764705882352942,0.3170731707317073,0.043517679057116954
qwen3-vl:2b,0.4,0.8,146,0.08195637805684071,0.1951219512195122,0.03989120580235721
qwen3-vl:2b,0.4,0.9,146,0.04494382022471911,0.11219512195121951,0.019945602901178604
qwen3-vl:2b,0.6,0.5,107,0.35092024539877303,0.542997542997543,0.1593137254901961
qwen3-vl:2b,0.6,0.6,107,0.26012269938650306,0.3857493857493857,0.13480392156862744
qwen3-vl:2b,0.6,0.7,107,0.18282208588957055,0.27764127764127766,0.08823529411764705
qwen3-vl:2b,0.6,0.8,107,0.1312883435582822,0.18673218673218672,0.07598039215686274
qwen3-vl:2b,0.6,0.9,107,0.07975460122699388,0.11547911547911546,0.044117647058823525
qwen3-vl:2b,0.8,0.5,82,0.4093357271095152,0.49230769230769234,0.2931034482758621
qwen3-vl:2b,0.8,0.6,82,0.3052064631956912,0.36923076923076925,0.21551724137931033
qwen3-vl:2b,0.8,0.7,82,0.22740873728306407,0.28307692307692306,0.14942528735632185
qwen3-vl:2b,0.8,0.8,82,0.14362657091561942,0.17641025641025643,0.09770114942528736
qwen3-vl:2b,0.8,0.9,82,0.08378216636744464,0.10871794871794871,0.04885057471264368
qwen3-vl:2b,1.0,0.5,159,0.4445768772348033,0.4083044982698962,0.4521238300935925
qwen3-vl:2b,1.0,0.6,159,0.29558998808104886,0.29065743944636674,0.2966162706983442
qwen3-vl:2b,1.0,0.7,159,0.22169249106078667,0.2283737024221453,0.22030237580993522
qwen3-vl:2b,1.0,0.8,159,0.1394517282479142,0.11072664359861592,0.14542836573074153
qwen3-vl:2b,1.0,0.9,159,0.0727056019070322,0.08996539792387544,0.0691144708423326
qwen3-vl:4b,0.0,0.5,116,0.3823163138231631,0.5465838509316769,0.27234927234927236
qwen3-vl:4b,0.0,0.6,116,0.2714819427148194,0.37267080745341613,0.20374220374220378
qwen3-vl:4b,0.0,0.7,116,0.20547945205479454,0.3012422360248447,0.14137214137214138
qwen3-vl:4b,0.0,0.8,116,0.12079701120797011,0.18322981366459626,0.079002079002079
qwen3-vl:4b,0.0,0.9,116,0.07471980074719801,0.12111801242236024,0.04365904365904366
qwen3-vl:4b,0.2,0.5,110,0.3974763406940063,0.5348189415041782,0.28373702422145325
qwen3-vl:4b,0.2,0.6,110,0.2839116719242902,0.37604456824512533,0.20761245674740483
qwen3-vl:4b,0.2,0.7,110,0.19936908517350158,0.27576601671309187,0.13610149942329872
qwen3-vl:4b,0.2,0.8,110,0.11987381703470032,0.1615598885793872,0.08535178777393308
qwen3-vl:4b,0.2,0.9,110,0.0832807570977918,0.11420612813370475,0.05767012687427912
qwen3-vl:4b,0.4,0.5,113,0.41563275434243174,0.5349182763744427,0.33013844515441965
qwen3-vl:4b,0.4,0.6,113,0.2990074441687345,0.3922734026745914,0.2321618743343983
qwen3-vl:4b,0.4,0.7,113,0.2270471464019851,0.3179791976225854,0.16187433439829604
qwen3-vl:4b,0.4,0.8,113,0.13151364764267992,0.18424962852897472,0.09371671991480299
qwen3-vl:4b,0.4,0.9,113,0.09057071960297766,0.13670133729569095,0.05750798722044729
qwen3-vl:4b,0.6,0.5,107,0.4701712935617247,0.5481682496607869,0.4100418410041841
qwen3-vl:4b,0.6,0.6,107,0.3532191376255168,0.4016282225237449,0.3158995815899582
qwen3-vl:4b,0.6,0.7,107,0.2551683402244536,0.3039348710990502,0.21757322175732216
qwen3-vl:4b,0.6,0.8,107,0.13349084465445954,0.17639077340569878,0.10041841004184102
qwen3-vl:4b,0.6,0.9,107,0.08741878322504429,0.12754409769335143,0.056485355648535567
qwen3-vl:4b,0.8,0.5,125,0.4891371818746121,0.5111111111111111,0.4780578898225957
qwen3-vl:4b,0.8,0.6,125,0.35505896958410926,0.3814814814814814,0.3417366946778711
qwen3-vl:4b,0.8,0.7,125,0.2545003103662321,0.3037037037037037,0.2296918767507003
qwen3-vl:4b,0.8,0.8,125,0.14773432650527624,0.20370370370370372,0.11951447245564893
qwen3-vl:4b,0.8,0.9,125,0.09807572936064557,0.13703703703703704,0.0784313725490196
qwen3-vl:4b,1.0,0.5,153,0.43589743589743585,0.5245901639344261,0.4156039009752438
qwen3-vl:4b,1.0,0.6,153,0.30158730158730157,0.36721311475409835,0.2865716429107276
qwen3-vl:4b,1.0,0.7,153,0.2136752136752137,0.25573770491803277,0.2040510127531883
qwen3-vl:4b,1.0,0.8,153,0.12454212454212453,0.15737704918032788,0.11702925731432856
qwen3-vl:4b,1.0,0.9,153,0.08424908424908427,0.11147540983606556,0.07801950487621906
qwen3-vl:8b,0.0,0.5,83,0.4593639575971732,0.5564681724845996,0.3287292817679558
qwen3-vl:8b,0.0,0.6,83,0.33568904593639576,0.4065708418891171,0.24033149171270715
qwen3-vl:8b,0.0,0.7,83,0.2544169611307421,0.3121149897330595,0.17679558011049726
qwen3-vl:8b,0.0,0.8,83,0.13427561837455831,0.16221765913757702,0.09668508287292818
qwen3-vl:8b,0.0,0.9,83,0.09069493521790342,0.10472279260780286,0.0718232044198895
qwen3-vl:8b,0.2,0.5,96,0.5043377674956623,0.5912240184757506,0.41714947856315177
qwen3-vl:8b,0.2,0.6,96,0.34702139965297857,0.41801385681293307,0.2757821552723059
qwen3-vl:8b,0.2,0.7,96,0.26142278773857724,0.30946882217090066,0.21320973348783312
qwen3-vl:8b,0.2,0.8,96,0.13765182186234817,0.15473441108545033,0.1205098493626883
qwen3-vl:8b,0.2,0.9,96,0.08675534991324464,0.09468822170900693,0.07879490150637311
qwen3-vl:8b,0.4,0.5,84,0.4678362573099415,0.5351239669421488,0.38005390835579506
qwen3-vl:8b,0.4,0.6,84,0.32748538011695905,0.384297520661157,0.2533692722371967
qwen3-vl:8b,0.4,0.7,84,0.24444444444444446,0.28512396694214875,0.19137466307277629
qwen3-vl:8b,0.4,0.8,84,0.1216374269005848,0.13636363636363638,0.10242587601078167
qwen3-vl:8b,0.4,0.9,84,0.08304093567251462,0.09504132231404959,0.0673854447439353
qwen3-vl:8b,0.6,0.5,98,0.4921829762594094,0.5169082125603864,0.4694104560622914
qwen3-vl:8b,0.6,0.6,98,0.34163288940359,0.36231884057971014,0.3225806451612903
qwen3-vl:8b,0.6,0.7,98,0.2594093804284887,0.2826086956521739,0.23804226918798665
qwen3-vl:8b,0.6,0.8,98,0.14128546612623044,0.15217391304347824,0.13125695216907673
qwen3-vl:8b,0.6,0.9,98,0.0775911986103069,0.08937198067632848,0.06674082313681867
qwen3-vl:8b,0.8,0.5,99,0.4982618771726535,0.5297845373891001,0.471718249733191
qwen3-vl:8b,0.8,0.6,99,0.354577056778679,0.3878326996197719,0.3265741728922092
qwen3-vl:8b,0.8,0.7,99,0.25840092699884126,0.28136882129277563,0.2390608324439701
qwen3-vl:8b,0.8,0.8,99,0.12746234067207415,0.12674271229404308,0.128068303094984
qwen3-vl:8b,0.8,0.9,99,0.07647740440324449,0.08618504435994931,0.06830309498399147
qwen3-vl:8b,1.0,0.5,101,0.49855407750144587,0.5204755614266842,0.4814814814814815
qwen3-vl:8b,1.0,0.6,101,0.3585887796414112,0.40686922060766184,0.32098765432098764
qwen3-vl:8b,1.0,0.7,101,0.25216888374783114,0.3038309114927345,0.2119341563786008
qwen3-vl:8b,1.0,0.8,101,0.13533834586466167,0.17437252311756937,0.10493827160493827
qwen3-vl:8b,1.0,0.9,101,0.09022556390977444,0.11624834874504625,0.0699588477366255
